<?xml version="1.0" encoding="UTF-8"?>
<!DOCTYPE hibernate-configuration PUBLIC "-//Hibernate/Hibernate Configuration DTD 3.0//EN" "http://hibernate.sourceforge.net/hibernate-configuration-3.0.dtd">
<hibernate-configuration>
  <session-factory>
    <property name="hibernate.dialect">net.sf.hibernate.dialect.MySQLDialect</property>
    <property name="hibernate.connection.driver_class">com.mysql.jdbc.Driver</property>
    <property name="hibernate.connection.url">jdbc:mysql://localhost/dblp</property>
    <property name="hibernate.connection.username">root</property>
    <property name="hibernate.connection.password"/>
    <property name="dialect">org.hibernate.dialect.MySQLDialect</property>
    <property name="show_sql">true</property>
    <mapping resource="dblp_objects/user.hbm.xml"/>
    <mapping resource="dblp_objects/publication.hbm.xml"/>
    <mapping resource="dblp_objects/author.hbm.xml"/>
    <mapping resource="dblp_objects/author_name.hbm.xml"/>
    <mapping resource="dblp_objects/journal.hbm.xml"/>
  </session-factory>
</hibernate-configuration>
