<?xml version="1.0"?><!DOCTYPE hibernate-mapping
PUBLIC "-//Hibernate/Hibernate Mapping DTD 3.0//EN"
"http://hibernate.sourceforge.net/hibernate-mapping-3.0.dtd">

<hibernate-mapping>
<class name="dblp_objects.author" table="author">
<id name="author_id" type="long" column="Author_id">
<generator class="increment"/>
</id>
<property name="DBLP_www_key" type="string" not-null="true" column="DBLP_www_Key" />
<property name="URL" type="string" column="URL" />
<property name="crossref" type="string" column="Crossref" />
<property name="note" type="string" column="Note" />
<property name="time_stamp" type="date" column="Time_stp" >
</property>
<one-to-one name="author_name" class="dblp_objects.author_name" cascade="save-update" />
</class>
</hibernate-mapping>