<?xml version="1.0"?><!DOCTYPE hibernate-mapping
PUBLIC "-//Hibernate/Hibernate Mapping DTD 3.0//EN"
"http://hibernate.sourceforge.net/hibernate-mapping-3.0.dtd">

<hibernate-mapping>
<class name="dblp_objects.author_name" table="author_name">
<id name="author_id" type="long" column="Author_id">
<generator class="increment"/>
</id>
<property name="name" type="string" not-null="true" column="Name" />
<property name="time_stamp" type="date" column="Time_stp" >
</property>
<many-to-one name="author" class="dblp_objects.author"/>
</class>
</hibernate-mapping>
