<?xml version="1.0"?><!DOCTYPE hibernate-mapping
PUBLIC "-//Hibernate/Hibernate Mapping DTD 3.0//EN"
"http://hibernate.sourceforge.net/hibernate-mapping-3.0.dtd">

<hibernate-mapping>
<class name="dblp_objects.journal" table="journal">
<id name="name" type="string" column="Name">
<generator class="increment"/>
</id>
<property name="year" type="int" column="Year" />
<property name="time_stp" type="date" column="Time_stp" >
</property>

<set name="articles" table="journal_article" cascade="all">
<key column="journal_name" />
<many-to-many column="Publication_id"  class="dblp_objects.article" />
</set>

</class>
</hibernate-mapping>
