<?xml version="1.0"?><!DOCTYPE hibernate-mapping
PUBLIC "-//Hibernate/Hibernate Mapping DTD 3.0//EN"
"http://hibernate.sourceforge.net/hibernate-mapping-3.0.dtd">

<hibernate-mapping>
<class name="dblp_objects.publication" table="publication">
<id name="publication_ID" type="long" column="Publication_ID">
<generator class="increment"/>
</id>
<property name="DBLP_Key" type="string" not-null="true" column="DBLP_Key" />
<property name="title" type="string" column="Title" />
<property name="url" type="string" column="URL" />
<property name="EE" type="string" column="EE" />
<property name="year" type="int" column="Year" />
<property name="crossref" type="string" column="Crossref" />
<property name="note" type="string" column="Note" />
<property name="time_stp" type="date" column="Time_stp" >
</property>

<set name="authors" table="author_publication" cascade="all">
<key column="publication_id" />
<many-to-many column="author_id"  class="dblp_objects.author" />
</set>

<joined-subclass name="dblp_objects.book" extends="dblp_objects.publication">
    <key column="publication_ID" />
    <property name="ISBN" type="string" column="ISBN" />
    <property name="time_stpB" type="date" column="Time_stp" />
</joined-subclass>

<joined-subclass name="dblp_objects.article" extends="dblp_objects.publication">
    <key column="publication_ID" />
    <property name="pages" type="string" column="Pages" />
    <property name="volume" type="int" column="Volume" />
    <property name="number" type="int" column="Number" />
    <property name="time_stpA" type="date" column="Time_stp" />
</joined-subclass>

<joined-subclass name="dblp_objects.thesis" extends="dblp_objects.publication">
    <key column="publication_ID" />
    <property name="time_stpT" type="date" column="Time_stp" />
    <!--Multi-level inheritance-->
    <joined-subclass name="dblp_objects.phdThesis" extends="dblp_objects.thesis"> 
    <key column="publication_ID" />
    <property name="ISBN" type="string" column="ISBN" />
    <property name="time_stpPHDT" type="date" column="Time_stp" />
    </joined-subclass>
</joined-subclass>

</class>
</hibernate-mapping>
