<?xml version="1.0"?><!DOCTYPE hibernate-mapping
PUBLIC "-//Hibernate/Hibernate Mapping DTD 3.0//EN"
"http://hibernate.sourceforge.net/hibernate-mapping-3.0.dtd">

<hibernate-mapping>
<class name="dblp_objects.user" table="user">
<id name="user_id" type="long" column="User_id">
<generator class="increment"/>
</id>
<property name="admin" type="int" not-null="true" column="Administrator" />
<property name="email" type="string" not-null="true" column="Email" />
<property name="password" type="string" column="Password" />
<property name="time_stamp" type="date" column="Time_stp" >
</property>
</class>
</hibernate-mapping>
